GED Math — Khan Videos (รวมทุก subtopic ที่ทำแล้ว),,,,,
Subtopic (GED),Unit (Khan),หัวข้อหลัก (Lesson),หัวข้อย่อย (Clip),Youtube URL,หมายเหตุ
Fractions,Unit 4: Understand fractions,Fractions intro,Intro to fractions,https://youtu.be/jgWqSjgMAtw?si=_nGU0KZTiCZNhrxT,⚠️ เช็คซ้ำ
,,,Cutting shapes into equal parts,https://youtu.be/gEE6yIObbmg?si=Omz70Wkh-uIuv3jt,⚠️ เช็คซ้ำ
,,What fractions mean,Identifying numerators and denominators,https://youtu.be/3XOt1fjWKi8?si=yEU30ZK9lSsK5uAc,⚠️ เช็คซ้ำ
,,,Recognizing fractions,https://youtu.be/U44my48zgFE?si=1moYSS7MVuc-599N,⚠️ เช็คซ้ำ
,,,Recognizing fractions greater than 1,https://youtu.be/eBzQdDgBB_8?si=gMbJZMqHzjNAsJg6,⚠️ เช็คซ้ำ
,,Fractions on the number line,Fractions on a number line,https://youtu.be/Z0WsfO-RI8Y?si=qNt6QNb3HyTTHAlW,⚠️ เช็คซ้ำ
,,,Fractions on a number line widget,https://youtu.be/xeoVPSBP9WI?si=H1h5CwqILnx71SP-,⚠️ เช็คซ้ำ
,,,Finding 1 on the number line,https://youtu.be/7AOXIqAPMmw?si=whWhLuP0kyGlX_kV,⚠️ เช็คซ้ำ
,,,Fractions greater than 1 on the number line,https://youtu.be/AXdZCfSdQFY?si=f21Rhnsq3uEepZRl,⚠️ เช็คซ้ำ
,,Fractions and whole numbers,Representing 1 as a fraction,https://youtu.be/dviyBH3pOk8?si=RzdT3CFCajlfxgcA,⚠️ เช็คซ้ำ
,,,Whole numbers as fractions,https://youtu.be/3OFH8OhpN08?si=wALnG6cqUVk9E5dN,⚠️ เช็คซ้ำ
,,,Writing whole numbers as fractions,https://youtu.be/VQQrz1g_K4Q?si=NNbGUWdeBPW-rWRD,⚠️ เช็คซ้ำ
,,Equivalent fractions,Equivalent fractions with visuals,https://youtu.be/oGAVi4xb7Sg?si=bi1AgFGeP5atsb8y,⚠️ เช็คซ้ำ
,,,Equivalent fraction models,https://youtu.be/G4VxHxwi6DY?si=WqLqcKGic2Z17YoQ,⚠️ เช็คซ้ำ
,,,Equivalent fractions visually,https://youtu.be/Su4DKLbK8mA?si=ImB5hO0JghG67_1T,⚠️ เช็คซ้ำ
,,,Creating equivalent fractions,https://youtu.be/-YpEkExjq2E?si=ZgQMycUsviJ9vP4b,⚠️ เช็คซ้ำ
,Unit 9: Add and subtract fractions (like denominators),Equivalent fractions,Equivalent fractions with models,https://youtu.be/vTjgaVmJ8fk?si=HIX4dufYQEDbVgpQ,✔
,,,Equivalent fractions on number line,https://youtu.be/bBkUqkI2TSw?si=s9F5ToxOjLMArUxv,✔
,,,Equivalent fractions,https://youtu.be/N1X0vf5PUz4?si=tW8Bn-gK_3PzLqDe,✔
,,,More on equivalent fractions,https://youtu.be/yZqVJtDO7gc?si=BBSVaqKX2tZFs16y,✔
,,Common denominators,Finding common denominators,https://youtu.be/lxjmR4pYIVU?si=69N3_mF-p3_l69ip,✔
,,,Common denominators: 1/4 and 5/6,https://youtu.be/T8U7hCmUdpo?si=SPa7wAkWxzm8pRSt,✔
,,,Common denominators: 3/5 and 1/2,https://youtu.be/0EwwoDVJVPQ?si=25erUXdhKcOGSrhN,✔
,,Decomposing fractions,Decomposing a fraction visually,https://youtu.be/_E9fG8BYcBo?si=SarF_saJuvQEr38V,✔
,,,Decomposing a mixed number,https://youtu.be/erZe85NrsK0?si=AiDp4vwNm13E8HZL,✔
,,Adding and subtracting fractions with like denominators,Adding fractions with like denominators,https://youtu.be/EJjnEau6aeI?si=sulfTk0Ec37QVVIY,✔
,,,Subtracting fractions with like denominators,https://youtu.be/UbUdyE1_b9g?si=AZvZE0gQePdfrVIl,✔
,,Adding and subtracting fractions: word problems,Fraction word problem: piano,https://youtu.be/0njioQqIxKY?si=41OH4DODQNWxoFj3,
,,,Fraction word problem: pizza,https://youtu.be/u2hLYcmI5y4?si=WIy1tUlvb2OrKiE8,✔
,,,Fraction word problem: spider eyes,https://youtu.be/5r2FYszC_sU?si=-cBXvNHys_3EH_mO,✔
,,Mixed numbers,Writing mixed numbers as improper fractions,https://youtu.be/xkg7370cpjs?si=8n9hBmucLa9Pawnu,✔
,,,Writing improper fractions as mixed numbers,https://youtu.be/8JyPzTeA_8w?si=meazKPVdPnpbtXrH,✔
,,Adding and subtracting mixed numbers,Adding mixed numbers with like denominators,https://youtu.be/t32jFmpE-ec?si=8ls8bGkAHiXMYN99,✔
,,,Subtracting mixed numbers with like denominators,https://youtu.be/QJZ6mBW8xTU?si=Y6o1KDMcZSpEtfZq,✔
,,,Mixed numbers addition with regrouping,https://youtu.be/tNaKlG_GJGQ?si=bWV69ZGKSUNyVP2i,✔
,,,Mixed numbers subtraction with regrouping,https://youtu.be/TQEg9dMIWFU?si=oGAFAssIx6_X2XmP,✔
,Unit 13: Add and subtract fractions (different denominators),Fractions with denominators of 10 and 100,Visually converting tenths and hundredths,https://youtu.be/zEd67cLFnuQ?si=s-yhqPkIMZlHnUmB,✔
,,,Decomposing hundredths,https://youtu.be/kAm9x3uWF9I?si=20wjW7EcSqjOy9u6,✔
,,,Adding fractions (denominator 10 & 100),https://youtu.be/YZD5ifHZILE?si=Q9SQXBBo5BXTjFjA,✔
,,,Adding fractions: 7/10 + 13/100,https://youtu.be/D5yQESfE4Bw?si=mSF5w9Ij20KJbPXa,✔
,,Visually adding and subtracting fractions,Visually adding fractions: 3/4 + 1/3,https://youtu.be/fvtv2uYjo_E?si=igSA8zgJzWrIcJwR,✔
,,,Visually subtracting fractions: 3/4 - 5/8,https://youtu.be/poGjjX_VNbM?si=ozbxAZwCyGctYrXt,✔
,,Common denominators,Finding common denominators,https://youtu.be/lxjmR4pYIVU?si=lCX4BV0eX9YlW8Rp,✔
,,,Common denominators: 1/4 and 5/6,https://youtu.be/T8U7hCmUdpo?si=Ro9bKL2DHXEqrfvF,✔
,,Adding and subtracting fractions with unlike denominators,Adding fractions with unlike denominators introduction,https://youtu.be/zkJ1gOrYhEg?si=z66N6qWSpsaGnCDk,✔
,,,Subtracting fractions with unlike denominators introduction,https://youtu.be/SMshimc16LM?si=qRaraVW2yVF2O5-e,✔
,,,Adding and subtracting 3 fractions,https://youtu.be/HSf9O1Domms?si=8WPAf3wjnnIkE9Z1,✔
,,,Solving for the missing fraction,https://youtu.be/OPpmp-kAuE4?si=hiS3gcSrsbc1bGGE,✔
,,Adding and subtracting mixed numbers with unlike denominators,Adding mixed numbers: 19 3/18 + 18 2/3,https://youtu.be/8Eb5MWwcMMY?si=IpL1pZHoAeMuJdtj,✔
,,,Subtracting mixed numbers: 7 6/9 - 3 2/5,https://youtu.be/zR3gaFobut4?si=SQs2cLj-nk7LmCNx,✔
,,,Adding mixed numbers with regrouping,https://youtu.be/I01O0r8b-po,✔
,,,Subtracting mixed numbers with regrouping (unlike denominators),https://youtu.be/r3M68V9Joac?si=rntgj45ZubZs7njR,✔
,,Adding and subtracting fractions with unlike denominators word problems,Adding fractions word problem: paint,https://youtu.be/PKh5B9xyzSc?si=GJ1UQ5J57j6KYCHP,✔
,,,Subtracting fractions word problem: tomatoes,https://youtu.be/5fK8HEYNRuQ?si=9QF9ssQiaQe1Br_X,✔
,Unit 10: Multiply fractions,Multiplying fractions and whole numbers visually,Fraction multiplication on the number line,https://youtu.be/ltKaGC8jfd4?si=bBfkp2lH0uLZmUri,⚠️ เช็คซ้ำ (แก้ unit เป็น U10)
,,Multiplying whole numbers and fractions,Equivalent fraction and whole number multiplication problems,https://youtu.be/ZlhrXO1-osA?si=JL9KvGqdClztrdAm,⚠️ เช็คซ้ำ
,,,Multiplying whole fractions and whole numbers,https://youtu.be/4PlkCiEXBQI?si=eaRXXDZDMBCKOTDU,⚠️ เช็คซ้ำ
,,Multiplying whole numbers and mixed numbers,Multiplying mixed numbers by whole numbers,https://youtu.be/hjbSbHr3Fhk?si=sZ0GZWog_inMaYIJ,⚠️ เช็คซ้ำ
,,Multiplying fractions and whole numbers word problems,Multiplying fractions word problem: milk,https://youtu.be/GvgJ2_7P9SA?si=qaTnmjGLEtsDkspi,⚠️ เช็คซ้ำ
,,,Multiplying fractions word problem: movies,https://youtu.be/Yq9W6B7XnmU?si=opoIaDKYMhl27tJP,⚠️ เช็คซ้ำ
,,,Multiplying fractions by whole numbers word problems,https://youtu.be/6PMQdHCtUtA?si=SCnzu6R27JN19dP1,⚠️ เช็คซ้ำ
,,Multiplication as scaling,Multiplication as scaling with fractions,https://youtu.be/yUYDhmQsiXY?si=yVdI3vrRbnwP4QK-,⚠️ เช็คซ้ำ
,,,Fraction multiplication as scaling examples,https://youtu.be/WLvbz6m2Syw,⚠️ เช็คซ้ำ
,,Multiplying fractions and whole numbers,Multiplying fractions by whole numbers as a number line,https://youtu.be/QDvKqUc7Mj4?si=ikzYuL-6SWU9JeL7,⚠️ เช็คซ้ำ
,,,Multiplying fractions and whole numbers models,https://youtu.be/XaJQse2u5TQ?si=7anrlR83IGmz7wya,⚠️ เช็คซ้ำ
,,,Multiplying fractions and whole numbers,https://youtu.be/HiNrFT280_Y?si=6Y862_b4X0FMDuDk,⚠️ เช็คซ้ำ
,,Multiplying fractions,Multiplying 2 fractions (fraction model),https://youtu.be/hr_mTd-oJ-M?si=cxMD8l5Fh_Sopbgu,⚠️ เช็คซ้ำ
,,,Multiplying 2 fractions (number line),https://youtu.be/lJdb4_Fuxvw?si=WvfEBL24DD_H7iQO,⚠️ เช็คซ้ำ
,,,Multiplying 2 fractions: 5/6 x 2/3,https://youtu.be/CTKMK1ZGLuk?si=Uo4ScC3uQNakgdv_,⚠️ เช็คซ้ำ
,,Multiplying mixed numbers,Multiplying mixed numbers,https://youtu.be/hjbSbHr3Fhk,⚠️ เช็คซ้ำ
,,Area of rectangles with fractional side lengths,Finding area with fractional side 1,https://youtu.be/C3RPDVGZdFw?si=HEXB7eIAsdb4jjvP,⚠️ เช็คซ้ำ
,,,Finding area with fractional side 2,https://youtu.be/UmSe4rh__iU?si=zsjtsJ42KEDotZjC,⚠️ เช็คซ้ำ
,,Multiplying fractions word problems,Multiplying fractions word problem: muffins,https://youtu.be/YJgIGwTysk0?si=B6HY3i77si-lZxLw,
,,,Multiplying fractions word problem: laundry,https://youtu.be/KCehC_3CBBY?si=40ZohWVtmtKliAOY,⚠️ เช็คซ้ำ
,,,Multiplying fractions word problem: bike,https://youtu.be/tfjQVtOyoaQ?si=X_kyLSmf7gVZ5J1c,⚠️ เช็คซ้ำ
,Unit 15: Divide fractions,Fractions as division,Understanding fractions as division,https://youtu.be/c-_yrA-GUow,✔
,,,Creating a fraction through division,https://youtu.be/Mcm0Q3wGhMo?si=kCmUKdbqFpJCeeOr,✔
,,,Creating mixed numbers with fraction division,https://youtu.be/g8yk6zQDAek?si=qeFF5xAKHuHaKyKN,✔
,,Dividing unit fractions by whole number,Visually dividing unit fractions by a whole number,https://youtu.be/RygpFkLCSaM?si=bqUVIb8ACz4Jzduk,✔
,,,Dividing a unit fraction by a whole number,https://youtu.be/QsDMlHW826U?si=MkDXbzMmYEcqbRQq,✔
,,Dividing whole numbers by unit fractions,Visually dividing whole numbers by unit fractions,https://youtu.be/0lsDqvH5mDs,✔
,,,Dividing a whole number by a unit fraction,https://youtu.be/b26JxSoZvic?si=eZC6XGcc_g6yf3EX,✔
,,Dividing fractions and whole numbers word problems,Dividing fractions and whole number word problems,https://youtu.be/HUT8eL1sGhk,✔
,,Dividing fractions by fractions,Understanding division of fractions,https://youtu.be/f3ySpxX9oeM,✔
,,,Dividing a fraction by a whole number,https://youtu.be/1YWyTdtofdE?si=W6h68xFxWuQAelix,✔
,,,Meaning of the reciprocal,https://youtu.be/yM9Yrz69Tys,✔
,,,Dividing a whole number by a fraction,https://youtu.be/SPMoNUAbV48?si=Ao_RQiTpGiXU_Z7g,✔
,,,Dividing a whole number by a fraction with reciprocal,https://youtu.be/G7c0CBLWVfs,✔
,,,Dividing fractions: 2/5 ÷ 7/3,https://youtu.be/m-pRnFIeoNA?si=fqKoUg9PxUVRk2qK,✔
,,,Dividing fractions: 3/5 ÷ 1/2,https://youtu.be/tnkPY4UqJ44?si=Y4FsDo_ktlALgRS1,✔
,,Dividing mixed numbers,Dividing mixed numbers,https://youtu.be/51-U-Jkq79A,✔
Decimals,Unit 11: Decimals and place value,Decimal fractions,Writing a number as a fraction and decimal,https://youtu.be/NfU7cmajLAY?si=mXF2xCkv-b8NCyrb,✔
,,Decimal fractions greater than 1,Writing decimals and fractions greater than 1 shown on grids,https://youtu.be/ek0zu14IP7g?si=kgd-9hnz55sh3a45,✔
,,,Writing decimals and fractions shown on number lines,https://youtu.be/68mrr430De0?si=1qT19Fd_Xd_1FBhd,✔
,,Writing fractions as decimals,Rewriting fractions as decimals,https://youtu.be/4LvGU1a9Z5Q,✔
,,Decimal place value intro,Place value with decimals,https://youtu.be/wtrrr15mbvQ,✔
,,Decimals on the number line,Thousandths on the number line,https://youtu.be/ABHQJFWZGsk,✔
,,Decimals in expanded form,Write decimals in expanded form,https://youtu.be/he4kcTujy30?si=JMJGByfjYRaY2kLh,✔
,,Regrouping decimals,Visual understanding of regrouping decimals,https://youtu.be/e_KEaTPcPKg,✔
,,,Regrouping with decimals,https://youtu.be/vZmR_21Dwrg,✔
,,,Regrouping with decimals: 21.3,https://youtu.be/3szFVS5p_7A?si=7qRaVYc-dSLNcQ4D,✔
,Unit 12: Add and subtract decimals,Adding decimals intro,Estimating decimal addition,https://youtu.be/dj3tcEbWBDQ?si=k46z6xEsxDTfVhgK,✔
,,Adding decimals (tenths and hundredths),Introduction to adding decimals: tenths,https://youtu.be/7I_AILEWTL4,✔
,,,Adding decimals with ones and tenths parts,https://youtu.be/66_Sb1dP81E,✔
,,,"Adding decimals with ones, tenths, and hundredths",https://youtu.be/6NBkb98nFOM,✔
,,,Adding decimals with hundredths,https://youtu.be/fWi-i_mdUOI?si=zMV9BKFKeqYJ-eAR,✔
,,Subtracting decimals intro,Estimating decimal subtraction,https://youtu.be/LQmAGFCJMqo?si=z0ELjzmi5xzoTfHA,✔
,,Subtracting decimals (tenths and hundredths),Strategies for subtracting basic decimals,https://youtu.be/N5xWYgeIWmU,✔
,,,Strategies for subtracting more complex decimals with tenths,https://youtu.be/IE0HQoLrbX4,✔
,,,Subtraction strategies with hundredths,https://youtu.be/GUK9aup5HOs,✔
,,,More advanced subtraction strategies with hundredths,https://youtu.be/URdTZ38JvOI,✔
,Unit 16: Multiply and divide decimals,Multiplying decimals and whole numbers,Multiplying decimals and whole numbers with visuals,https://youtu.be/K-bA-k_9Rg0?si=Ux8ahqntod35s8r0,✔
,,,Strategies for multiplying decimals and whole numbers,https://youtu.be/yueSfjh2ra4?si=wjFuhGYHesy0U7uD,✔
,,,Strategies for multiplying multi-digit decimals by whole numbers,https://youtu.be/RtXpRld8vb4?si=oGbv7MRFIedZsjk8,✔
,,Multiplying decimals strategies,Developing strategies for multiplying decimals,https://youtu.be/xBseQOzMB7A,✔
,,,Understanding decimal multiplication,https://youtu.be/LWE3n23M_m0,✔
,,,Multiplying decimals using estimation,https://youtu.be/VQN6MvdJRx4,✔
,,Multiplying decimals,Developing strategies for multiplying decimals,https://youtu.be/xBseQOzMB7A,✔
,,,Developing strategies for multiplying 2-digit decimals,https://youtu.be/ekDTjvF_CJw?si=w0YBmkIyO655yZD6,✔
,,Divide whole numbers to get a decimal quotient,Divide whole number with decimal quotients: 5÷2,https://youtu.be/29qKGbhFnf8?si=dxI7Lqcm1ldJT0_Y,✔
,,,Divide whole numbers with decimal quotients: 78÷12,https://youtu.be/shSrtFE2OoM?si=44xo8DTJjcLMN0WW,✔
,,Divide decimals by whole numbers,Dividing a decimal by a whole number with fraction models,https://youtu.be/rYsK3mI0Nto?si=dVsSbJdYR_BxOMjl,✔
,,,Dividing a decimal by a whole number on the number line,https://youtu.be/7Wm0VOTPz5Q,✔
,,,Dividing a decimal by a whole number example,https://youtu.be/bIRwzhhBzEU,✔
,,Divide whole numbers by decimals,Visually dividing a whole number by a decimal,https://youtu.be/aklVb3Z5jx4,✔
,,,Dividing a whole number by a decimal on a number line,https://youtu.be/PxafebH1u2k,✔
,,,Division strategies for decimal quotients,https://youtu.be/zlq_jQYD1mA,✔
,,,Dividing whole numbers by decimals examples,https://youtu.be/se7rSl-tHkg,✔
Positive & negative numbers,Unit 18: Add and subtract negative numbers,Intro to negative numbers,Introduction to negative numbers,https://youtu.be/u8UKdNdpkh4,✔
,,Negative symbol as opposite,Negative symbol as opposite,https://youtu.be/3-aryZYsoxU,✔
,,Negative decimals and fractions on the number line,Decimals & fractions on the number line,https://youtu.be/uC09taczvOo?si=Md0g06eHbJ_QHxBM,✔
,,Intro to adding negative numbers,Zero pairs worked example,https://youtu.be/hwK33GvGIK4,✔
,,,Adding with integer chips,https://youtu.be/BqfDKV0gPRE,✔
,,,Adding negative numbers on the number line,https://youtu.be/3CKpidALDEg?si=LDl8KeaITQfPOaKY,✔
,,Adding negative numbers fluently,Signs of sums on a number line,https://youtu.be/VBEQgXLhBzU,✔
,,Intro to subtracting negative numbers,Subtracting with integer chips,https://youtu.be/yTqhzgpt_9Y,✔
,,,Graphing negative number addition and subtraction expressions,https://youtu.be/LwUMnbV303k,✔
,,,Interpreting numeric expressions example,https://youtu.be/ahib7LGDysQ?si=7fDoQdUGK6_jshV_,✔
,,Subtracting negative numbers fluently,Adding the opposite with integer chips,https://youtu.be/0O4hGprr71g,✔
,,,Adding the opposite with number lines,https://youtu.be/S5oBJ9aL9QQ,✔
,,,Subtracting a negative = adding a positive,https://youtu.be/lBscLuttQq0,✔
,,Adding & subtracting integers,Adding integers: find the missing value,https://youtu.be/jA1vyOrzlOE,✔
,,,Subtracting integers: find the missing value,https://youtu.be/HsPEStiHQS0,✔
,,Adding & subtracting negative fractions,Adding fractions with different signs,https://youtu.be/QS1LMomm0Gk,✔
,,,Adding and subtracting fractions with negatives,https://youtu.be/nhJ60MCLeCU,✔
,Unit 19: Multiply and divide negative numbers,Multiply and divide integers,Why a negative times a negative is a positive,https://youtu.be/rK4sXm_MPWo?si=WQ5XsSO1c-9fJRn2,⚠️ ไม่แน่ใจไอคอน เช็คซ้ำ
,,,,,
,,,,,
,,,Why a negative times a negative makes sense,https://youtu.be/pzQY-9Nmtws?si=Klx9o7LWDKHDyzdG,⚠️ ไม่แน่ใจไอคอน เช็คซ้ำ
,,,Multiplying positive & negative numbers,https://youtu.be/47wjId9k2Hs?si=09bCqVjGLDzdYHIl,⚠️ ไม่แน่ใจไอคอน เช็คซ้ำ
,,,Dividing positive and negative number,https://youtu.be/bQ-KR3clFgs?si=jFYHX4XTRof8c-cr,⚠️ ไม่แน่ใจไอคอน เช็คซ้ำ
,,Multiplication & division word problems with negatives,Interpreting multiplication & division of negative numbers,https://youtu.be/mPLCXCscqI8?si=YZqp6Lj5joAw0EB3,✔
,,Understanding multiplying and dividing negative fractions,Negative signs in fractions,https://youtu.be/9eSPhvhuInw?si=tlOtevYQABU8FGJG,✔
,,Multiply & divide negative fractions,Multiplying positive and negative fractions,https://youtu.be/pi3WWQ0q6Lc?si=bL_kQN6H4Y2Xe-UW,✔
,,,Dividing negative fractions,https://youtu.be/H0q9Fqb8YT4,✔
Ratios,Unit 3: Ratios and rates,Intro to ratios,Intro to ratios,https://youtu.be/bIKmw0aTmYc?si=L1JGHXTVSnFH3Ob8,✔
,,,Basic ratios,https://youtu.be/IjMn7f6bbLA?si=_U8iaWOLD-kv3Qxr,✔
,,,Part:whole ratios,https://youtu.be/UK-_qEDtvYo?si=BXZzPICrTMZ9js_9,✔
,,Visualize ratios,Ratios with tape diagrams,https://youtu.be/suRIY3ULrQo,✔
,,,Equivalent ratio word problems,https://youtu.be/WoZ7-wOy-0w?si=lOS8ExPwkjQGP5Ty,✔
,,,Ratios and double number lines,https://youtu.be/-Dg9da1BGsM,✔
,,Equivalent ratios,Solving ratio problems with tables,https://youtu.be/MaMk6-f3T9k?si=OKPWQ7Y48KwlZgsL,✔
,,,Equivalent ratios,https://youtu.be/eb-GHXCqkhQ,✔
,,,Equivalent ratios: recipe,https://youtu.be/VWO1m0S-a9Y?si=nkh_akO0PwCWyKA7,✔
,,,Understanding equivalent ratios,https://youtu.be/4S3Mbl0JrdY,✔
,,Ratio application,Ratios on coordinate plane,https://youtu.be/yVYJRT5hTSo,✔
,,,Ratios and measurement,https://youtu.be/0qtIHdda19s,✔
,,,Part to whole ratio word problem using tables,https://youtu.be/ZJ6y8OVJRw8,✔
Percentages,Unit 4: Percentages,Intro to percents,The meaning of percent,https://youtu.be/Lvr2YsxG10o,✔
,,,Meaning of 109%,https://youtu.be/MokI3Fi8jpc?si=oVqsTQfTaCypvTF5,✔
,,,Percents from fraction models,https://youtu.be/MokI3Fi8jpc?si=oVqsTQfTaCypvTF5,✔
,,Visualize percents,Finding percentages with a double number line,https://youtu.be/bVNnQX5nEFg,✔
,,,Finding the whole with a tape diagram,https://youtu.be/M0vf7idRTLA,✔
,,Equivalent representations of percent problems,"Fraction, decimal, and percent from visual model",https://youtu.be/wwg052FC_Zw,✔
,,,Converting percents to decimals & fractions example,https://youtu.be/-gB1y-PMWfs?si=9UXMOI8BVdQx1n73,✔
,,,Percent of a whole number,https://youtu.be/-lUEWEEpmIo?si=2DDDtRYHd-xThfSN,✔
,,,Ways to rewrite a percentage,https://youtu.be/MD5JUwAeg6c,✔
,,,Finding common percentages,https://youtu.be/GdwjpJwa8Ys?si=FyWbebj039msEvUX,✔
,,Percent problems,Finding a percent,https://youtu.be/FaDtge_vkbg?si=vW3JLKU3Obn6p8zc,✔
,,Percent word problems,Percent word problem: recycling cans,https://youtu.be/AjYil74WrVo?si=MMB1NW4yKZf29w4k,✔
Proportions,Unit 9: Proportional relationships (Pre-algebra),Rate problems with fractions,Rates with fractions,https://youtu.be/2DBBKArGfus?si=8p0sQPeS_d4cro3M,✔
,,Constant of proportionality,Introduction to proportional relationships,https://youtu.be/l-HtxhClZ-0,✔
,,,Identifying constant of proportionality graphically,https://youtu.be/jihKUWH4Hfc,✔
,,,Constant of proportionality from graph,https://youtu.be/n_UHN9t3cNg,✔
,,,Identifying the constant of proportionality from equation,https://youtu.be/rj7DweP8e58,✔
,,,Constant of proportionality from equation,https://youtu.be/wXtzBbU_cl8,✔
,,,Constant of proportionality from tables,https://youtu.be/rzDQ_ZIpi84,✔
,,,Constant of proportionality from table (with equations),https://youtu.be/5Ilo0pw3iL8?si=OVhIYO7coyIe_7R9,✔
,,Compare and interpret constants of proportionality,Comparing constants of proportionality,https://youtu.be/oZxbLuJ1U5w,✔
,,,Comparing proportionality constants,https://youtu.be/4g5ZEGoYtOA,✔
,,,Interpret proportionality constants,https://youtu.be/FXpJQXzoXwI,✔
,,Identifying proportional relationships,Intro to proportional relationships,https://youtu.be/qYjiVWwefto?si=CPY14ahOwNaWfiWz,✔
,,,Proportional relationships: movie tickets,https://youtu.be/-YYTUTrxl28?si=vUMCzE1_8U8RAgn1,✔
,,,Proportional relationships: bananas,https://youtu.be/bJb4n19sFrs?si=X1jJHeekTstip8yo,✔
,,,Proportional relationships: spaghetti,https://youtu.be/jNUz0P5MG9M?si=8yzYZQ9-rjIgOjok,✔
,,,Proportional relationships,https://youtu.be/HEmwn5jmy2Y?si=-tJ5D5MjMW-hXW0_,✔
,,,Is side length & area proportional?,https://youtu.be/Hzz5p0qlObs?si=zhVrRVJ3OCwpnuV6,✔
,,,Is side length & perimeter proportional?,https://youtu.be/9nH3A4riVxs?si=vsm1R_78Tv-Yv4Ds,✔
,,Graphs of proportional relationships,Identifying proportional relationships from graphs,https://youtu.be/7IU-TOOSxPM,✔
,,,Proportional relationships: graphs,https://youtu.be/C7CY4l99S7M?si=uK8Tr-0uMI34TVXO,✔
,,,Interpreting graphs of proportional relationships,https://youtu.be/ApstXGJtRrE,✔
,,Writing & solving proportions,Worked example: Solving proportions,https://youtu.be/GO5ajwbFqVQ?si=RD34QekeGY88Frd1,✔
,,,Writing proportions example,https://youtu.be/96ZEmUbnuU8?si=m_OZaGVLs3m0--4n,✔
,,,Proportion word problem: cookies,https://youtu.be/4ywTWCaLmXE?si=Ft3foEpVc6IZ0Lw4,✔
,,,Proportion word problem: hot dogs,https://youtu.be/s8_14yxp1lQ?si=REdWoynXhvHcJ2l5,✔
,,Equations of proportional relationships,Equations for proportional relationships,https://youtu.be/qcz1Cm_-l50?si=F91BG5WAKADriR0Q,✔
,,,Writing proportional equations from tables,https://youtu.be/dBGeri4eFv4?si=MWZOIsKR-TCFBlw2,✔
,,,Writing proportional equations,https://youtu.be/MRFrQXDZim0,✔
Exponents & roots,Unit 17: Exponents and powers of ten (Arithmetic),"Multiplying and dividing whole numbers by 10, 100, and 1,000","Multiplying and dividing by 10, 100, 1000",https://youtu.be/yVg6LyNgIT8,✔
,,"Multiplying and dividing decimals by 10, 100, and 1,000",Multiplying and dividing decimals by 10,https://youtu.be/HeiYNlVM-TY,✔
,,,"Multiplying and dividing decimals by 10, 100, 1000",https://youtu.be/6fLNcGSa_L4,✔
,,Powers of 10,Introduction to powers of 10,https://youtu.be/Xvsqv2oO2ac,✔
,,,Using exponents with powers of 10,https://youtu.be/YJdCw2fK-Og?si=Aq9MDzd1TJ-pGg3s,✔
,,Multiplying and dividing with powers of 10,Multiplying and dividing by powers of 10,https://youtu.be/jBN69fm8_T0,✔
,,,Exponents and powers of 10 patterns,https://youtu.be/pYaIjA4CsKo?si=bgukO2eiPpgupx1y,✔
,,,Fractions as division by power of 10,https://youtu.be/LohXZt7QzCM,✔
,Unit 5: Exponents intro and order of operations (Pre-algebra),Meaning of exponents,Intro to exponents,https://youtu.be/XZRQhkii0h0?si=CUyCkvyBEjNDyn5o,✔
,,Powers of whole numbers,The zeroth power,https://youtu.be/TWv6f7rwjF4,✔
,,Powers of fractions and decimals,Exponents of decimals,https://youtu.be/o_urKmMdGK0,✔
,,,Powers of fractions,https://youtu.be/oEgeUk_Ix2c,✔
,,Order of operations introduction,Order of operations introduction,https://youtu.be/eoYThjIAhOc,✔
,,,Worked example: Order of operations (PEMDAS),https://youtu.be/piIcRV2dx7E?si=6n_lVw_ucMQwRH1D,✔
,,More on order of operations,Order of operations examples: exponents,https://youtu.be/_jiI0AV8Vr4,✔
,,,Comparing exponent expressions,https://youtu.be/kFElpYl7Te0,✔
,,,Order of operations example: fractions and exponents,https://youtu.be/jAVbApE7lJ8?si=Cd3hsqxa1vXbI9Ax,✔
,"Unit 11: Roots, exponents, & scientific notation (Pre-algebra) — เฉพาะส่วน roots/exponents",Square roots & cube roots,Intro to square roots,https://youtu.be/mbc3_e5lWw0?si=7qgVzpoCXdvrVU4d,✔ (แยกจาก unit เดียวกับ Scientific notation)
,,,Intro to cube roots,https://youtu.be/87_qIofPwhg?si=6SZKBzPbIDm7DaVV,✔ (แยกจาก unit เดียวกับ Scientific notation)
,,,Worked example: Cube root of a negative number,https://youtu.be/DKh16Th8x6o?si=Ik07foWqZvzw7lv1,✔ (แยกจาก unit เดียวกับ Scientific notation)
,,,Square root of decimal,https://youtu.be/tRHLEWSUjrQ?si=Ua--sCyEZQ0-fnuN,✔ (แยกจาก unit เดียวกับ Scientific notation)
,,,Dimensions of a cube from its volume ,https://youtu.be/GpOxsRF1Cjc,✔ (แยกจาก unit เดียวกับ Scientific notation)
,,Exponent properties intro,Exponent properties with products,https://youtu.be/zM_p7tfWvLU?si=wkNTOZAzKfMi58o1,✔
,,,Exponent properties with parentheses,https://youtu.be/SwqOrUWzDY8?si=izNHt7cHI5aU_83W,✔
,,,Exponent properties with quotients,https://youtu.be/AR1uqNbjM5s?si=wecAMXResD3zR5DS,✔
,,Negative exponents,Negative exponents,https://youtu.be/JnpqlXN9Whw,✔
,,,Negative exponent intuition,https://youtu.be/Tqpcku0hrPU,✔
,,Exponent properties (integer exponents),Multiplying & dividing powers (integer exponents),https://youtu.be/CZ5ne_mX5_I,✔
,,,Powers of products & quotients (integer exponents),https://youtu.be/dC1ojsMi1yU,✔
,,,Powers of zero,https://youtu.be/S2PjhiAQMK8,✔
Absolute value,Unit 18: Add and subtract negative numbers (Arithmetic) — เฉพาะ lesson Absolute value,Absolute value,Absolute value examples,https://youtu.be/r6hS_8nm1jM?si=tei4H0FmJ4hsAaoq,✔ (กรองแล้ว เหลือคลิปเดียว — 'Intro to absolute value' เป็นบทความไม่ใช่คลิป ตัดออก)
Scientific notation,"Unit 11: Roots, exponents, & scientific notation (Pre-algebra) — เฉพาะส่วน scientific notation",Working with powers of 10,Multiplying multiples of powers of 10,https://youtu.be/tV8cMNYi4q4,✔ (แยกจาก unit เดียวกับ Exponents & roots)
,,,Approximating with powers of 10,https://youtu.be/Xl724v0CU7E,✔ (แยกจาก unit เดียวกับ Exponents & roots)
,,Scientific notation intro,Scientific notation example: 0.0000000003457,https://youtu.be/6phoVfGKKec?si=tGj2T6iSutPPmF-3,✔
,,,Scientific notation examples,https://youtu.be/i6lfVUp5RW8,✔
,,Arithmetic with numbers in scientific notation,Multiplying & dividing in scientific notation,https://youtu.be/497oIjqRPco?si=fNz21jDvFgh0Zfz2,✔
,,,Multiplying three numbers in scientific notation,https://youtu.be/67jn5Zv-myg?si=rTWDu6U0it8Jn8wO,✔
,,,Subtracting in scientific notation,https://youtu.be/ios3QL9t9LQ,✔
,,,Simplifying in scientific notation challenge,https://youtu.be/EbmgLiSVACU?si=zC-I9e5in-OlWHZU,✔
,,Scientific notation word problems,Scientific notation word problem: red blood cells,https://youtu.be/0lOpqmTdtzk?si=laoPuAAwhpzQAq_D,✔
,,,Scientific notation word problem: U.S. national debt,https://youtu.be/XJBwJjP2_hM?si=17OT_QJMfwd3YLRS,✔
,,,Scientific notation word problem: speed of light,https://youtu.be/dD71fFNwVJw?si=Aj4LP3lMx_KSW05U,✔
Factors & Multiples,Unit 1: Factors and multiples (Pre-algebra),Factors and multiples,Understanding factor pairs,https://youtu.be/KcKOM7Degu0,✔
,,,Finding factors of a number,https://youtu.be/vcn2ruTOwFo,✔
,,,Reasoning about factors and multiples,https://youtu.be/g805f4HlV1Y,✔
,,,Finding factors and multiples,https://youtu.be/5xe-6GPR_qQ,✔
,,,Identifying multiples,https://youtu.be/U5L_aaQ6pYQ?si=uORT_aRoXZgJFO5j,✔
,,Prime and composite numbers,Prime numbers,https://youtu.be/mIStB5X4U8M,✔
,,,Recognizing prime and composite numbers,https://youtu.be/3h4UK62Qrbo,✔
,,Prime factorization,Prime factorization,https://youtu.be/ZKKDTfHcsG0,✔
,,,Prime factorization exercise,https://youtu.be/XWq8bplP-_E,✔
,,,Common divisibility examples,https://youtu.be/zWcfVC-oCNw,✔
"Mean, median, mode, range",Unit 3: Summarizing quantitative data,Measuring center in quantitative data,"Statistics intro: Mean, median, & mode",https://youtu.be/h8EYEJ32oQ8?si=er_wKymdpL7KbG2F,✔
,,,"Mean, median, & mode example",https://youtu.be/k3aKKasOmIw?si=8FmvtQ7yxyw8bmaF,✔
,,More on mean and median,Comparing means of distributions,https://youtu.be/pPnxPrhf6Ww,✔
,,,Means and medians of different distributions,https://youtu.be/eLyLbaXfJXo,✔
,,,Impact on median & mean: removing an outlier,https://youtu.be/-2OOBEBq9-4?si=9tSh8Og4RkDWZHCJ,✔
,,,Impact on median & mean: increasing an outlier,https://youtu.be/K1y6Tz_E7oA?si=kdFjLVRakBh06V4J,✔
,,,Missing value given the mean,https://youtu.be/qpbaglogObM?si=qhMYxVgBVvqhYXts,✔
,,,Median & range puzzlers,https://youtu.be/0cHCpgQD_8k?si=vPFbAZydZ7sHisGJ,✔
,,Interquartile range (IQR),Interquartile range (IQR),https://youtu.be/qLYYHWYr8xI?si=2HrIZK7eGu_tS74G,✔
,,Variance and standard deviation of a population,"Measures of spread: range, variance & standard deviation",https://youtu.be/E4HAYd0QnRc?si=N2GkTUxGk5PNcj1Y,✔
,,,Variance of a population,https://youtu.be/dvoHB9djouc,✔
,,,Population standard deviation,https://youtu.be/PWiWkqHmum0,✔
,,,Mean and standard deviation versus median and IQR,https://youtu.be/qNKOi08NxHs,✔
,,,Statistics: Alternate variance formulas,https://youtu.be/sRVGcYGjUk8,⚠️ อาจเกินขอบเขต GED (สูตร variance ทางเลือก) เช็คว่าจำเป็นไหม
,,Variance and standard deviation of a sample,Sample variance,https://youtu.be/iHXdzfF7UEs,✔
,,,Sample standard deviation and bias,https://youtu.be/DNAnQBhGpRw,✔
,,More on standard deviation,Why we divide by n - 1 in variance,https://youtu.be/F2mfEldxsPI?si=3DiMxGkJVn7a1y-R,⚠️ อาจเกินขอบเขต GED (ทฤษฎีเชิงลึก n-1)
,,,Simulation showing bias in sample variance,https://youtu.be/Cn0skMJ2F3c,⚠️ อาจเกินขอบเขต GED (ทฤษฎีเชิงลึก)
,,,Simulation providing evidence that (n-1) gives us unbiased estimate,https://youtu.be/0QS4VHPV4JA,⚠️ อาจเกินขอบเขต GED (ทฤษฎีเชิงลึก)
,,,Review and intuition why we divide by n-1 for the unbiased sample variance,https://youtu.be/KkaU2ur3Ymw?si=6Tz1g-hnW4xkqVzn,⚠️ อาจเกินขอบเขต GED (ทฤษฎีเชิงลึก)
,,Other measures of spread,Range and mid-range,https://youtu.be/7DtWXEPB_AI?si=ACP3hlOsRt0V_hZh,✔
,,,Mean absolute deviation (MAD),https://youtu.be/GdIkEngwGNU?si=M_LnBlToBW1OghXs,✔
,,,Mean absolute deviation example,https://youtu.be/DPuK6ZgBGmE,✔
Bar & circle graphs,Unit 1: Analyzing categorical data,Analyzing one categorical variable,"Identifying individuals, variables and categorical variables in a data set",https://youtu.be/EqeVXI4WNHM,✔
,,,Reading pictographs,https://youtu.be/qrVvpYt3Vl0,✔
,,,Reading bar graphs,https://youtu.be/kiQ6MUQZHSs,✔
,,,Reading bar graphs: Harry Potter,https://youtu.be/9YjXGLWMvCM?si=Pdhu2veSmf1tAyge,✔
,,,Creating a bar graph,https://youtu.be/woUQ9LLaees?si=NQNqtn1EbJFoJRbe,✔
,,,Reading bar charts: comparing two sets of data,https://youtu.be/gnyHsgTFXIY,✔
,,,Reading bar charts: putting it together with central tendency,https://youtu.be/DGZNaKnbQo0,✔
,,,Reading pie graphs (circle graphs),https://youtu.be/4JqH55rLGKY,✔
,,Two-way tables,Two-way frequency tables and Venn diagrams,https://youtu.be/l5MrtV7ZN88,✔
,,,Categorical data example,https://youtu.be/ahyWUV7AwKw?si=xLK-g7AVd-eVIJ71,✔
,,,Analyzing trends in categorical data,https://youtu.be/TXGhMDbbnzQ,✔
,,Distributions in two-way tables,Marginal and conditional distributions,https://youtu.be/Iw9fEYIpPMA,✔
Scatter plots,Unit 5: Exploring bivariate numerical data,Introduction to scatterplots,Constructing a scatter plot,https://youtu.be/sHbX58y5D4U,✔
,,,Example of direction in scatterplots,https://youtu.be/Jpbm5YgciqI?si=BKeeCFHmE8rL_hgB,✔
,,,Scatter plot: smokers,https://youtu.be/F5uiFXECnVY?si=w57pClFeECj7N0jg,✔
,,,"Bivariate relationship linearity, strength and direction",https://youtu.be/30LcZqRfPRY,✔
,,,,,✔
,,Correlation coefficients,Example: Correlation coefficient intuition,https://youtu.be/-Y-M9aD_ccQ,✔
,,,Calculating correlation coefficient r,https://youtu.be/u4ugaNo6v1Q,✔
,,Introduction to trend lines,Fitting a line to data,https://youtu.be/OhUkMQtBGmE,✔
,,,Estimating the line of best fit exercise,https://youtu.be/ioieTr41L24,✔
,,,Estimating with linear regression (linear models),https://youtu.be/TWkYalFn8lo?si=WcLKKtaFrLMqCA5d,✔
,,,Line of best fit: smoking in 1945,https://youtu.be/d4WE4SnhBDU?si=W1xGc7vLJtCMUkZC,✔
,,Least-squares regression equations,Introduction to residuals and least squares regression,https://youtu.be/yMgFHbjbAW8,⚠️ อาจเกินขอบเขต GED (regression equations เชิงลึก) — ดูหมายเหตุรวม
,,,Calculating residual example,https://youtu.be/50ezMTE_BuA,⚠️ อาจเกินขอบเขต GED
,,,Calculating the equation of a regression line,https://youtu.be/FGesqq22TCM,⚠️ อาจเกินขอบเขต GED
,,,Interpreting slope of regression line,https://youtu.be/PplggM0KtJ8,⚠️ อาจเกินขอบเขต GED
,,,Interpreting y-intercept in regression model,https://youtu.be/00YVR5TSZqw,⚠️ อาจเกินขอบเขต GED
,,,Interpreting a trend line,https://youtu.be/mfX_yUvwJho,✔
,,Assessing the fit in least-squares regression,Residual plots,https://youtu.be/VamMrPZ-8fc,⚠️ อาจเกินขอบเขต GED
,,,R-squared or coefficient of determination,https://youtu.be/lng4ZgConCM,⚠️ อาจเกินขอบเขต GED
,,,Standard deviation of residuals or Root-mean-square error (RMSD),https://youtu.be/zMFdb__sUpw,⚠️ อาจเกินขอบเขต GED
,,,Interpreting computer regression data,https://youtu.be/sIJj7Q77SVI,⚠️ อาจเกินขอบเขต GED
,,,Impact of removing outliers on regression lines,https://youtu.be/TbS7S7lb9Es,⚠️ อาจเกินขอบเขต GED
,,More on regression,Squared error of regression line,https://youtu.be/6OvhLPS7rj4,⚠️ อาจเกินขอบเขต GED
,,,Proof (part 1) minimizing squared error to regression line,https://youtu.be/mIx2Oj5y9Q8,⚠️ อาจเกินขอบเขต GED (proof คณิตศาสตร์)
,,,Proof (part 2) minimizing squared error to regression line,https://youtu.be/f6OnoxctvUk,⚠️ อาจเกินขอบเขต GED
,,,Proof (part 3) minimizing squared error to regression line,https://youtu.be/u1HhUB3NP8g,⚠️ อาจเกินขอบเขต GED
,,,Proof (part 4) minimizing squared error to regression line,https://youtu.be/8RSTQl0bQuw,⚠️ อาจเกินขอบเขต GED
,,,Regression line example,https://youtu.be/GAmzwIkGFgE,⚠️ อาจเกินขอบเขต GED
,,,Second regression example,https://youtu.be/ww_yT9ckPWw,⚠️ อาจเกินขอบเขต GED
,,,Calculating R-squared,https://youtu.be/Fc5t_5r_7IU,⚠️ อาจเกินขอบเขต GED
,,,Covariance and the regression line,https://youtu.be/ualmyZiPs9w,⚠️ อาจเกินขอบเขต GED
Probability,Unit 7: Probability,Basic theoretical probability,Intro to theoretical probability,https://youtu.be/uzkc-qNVoOk?si=nhMHxODwJS9hGabb,✔
,,,Simple probability: yellow marble,https://youtu.be/yUaI0JriZtY?si=Z07utrzwJQmaoMZm,✔
,,,Simple probability: non-blue marble,https://youtu.be/mLE-SlOZToc?si=IvGvHr55RITb3kE_,✔
,,,Intuitive sense of probabilities,https://youtu.be/KFgvOQtH0Z0,✔
,,,The Monty Hall problem,https://youtu.be/Xp6V_lO1ZKA?si=tu3OuvmuHlhatGK9,⚠️ เนื้อหาขยาย อาจไม่จำเป็นสำหรับ GED
,,Probability using sample spaces,Example: All the ways you can flip a coin,https://youtu.be/3UlE8gyKbkU,✔
,,,Die rolling probability,https://youtu.be/O4Qnsubo2tg,✔
,,,Subsets of sample spaces,https://youtu.be/0uHhk7P9SNo?si=BJlE50m5W3fi5Lt7,✔
,,Basic set operations,Intersection and union of sets,https://youtu.be/jAfNg3ylZAI,⚠️ อาจเกินขอบเขต GED (set theory)
,,,Relative complement or difference between sets,https://youtu.be/2B4EBvVvf9w,⚠️ อาจเกินขอบเขต GED
,,,Universal set and absolute complement,https://youtu.be/GVZUpOm3XUg,⚠️ อาจเกินขอบเขต GED
,,,"Subset, strict subset, and superset",https://youtu.be/1wsF9GpGd00,⚠️ อาจเกินขอบเขต GED
,,,Bringing the set operations together,https://youtu.be/OCNXS_m1HWU,⚠️ อาจเกินขอบเขต GED
,,Experimental probability,Experimental probability,https://youtu.be/RdehfQJ8i_0,✔
,,,Theoretical and experimental probabilities,https://youtu.be/tXlcE_K_C-Y?si=f65bV2WVWxrZsAhl,✔
,,,Making predictions with probability,https://youtu.be/8bK-xfh8-rY,✔
,,"Randomness, probability, and simulation",Experimental versus theoretical probability simulation,https://youtu.be/Nos-xOCpQqg,✔
,,,Random number list to run experiment,https://youtu.be/2AVLfSRpmfg,⚠️ เนื้อหาเฉพาะทาง อาจไม่จำเป็น
,,,Random numbers for experimental probability,https://youtu.be/vjGINFbV8Cs,⚠️ เนื้อหาเฉพาะทาง อาจไม่จำเป็น
,,,Statistical significance of experiment,https://youtu.be/jLFeqQxGtOc,⚠️ อาจเกินขอบเขต GED
,,Addition rule,Probability with Venn diagrams,https://youtu.be/obZzOq_wSCg?si=2Mv0xCJ0AUySLLda,✔
,,,Addition rule for probability,https://youtu.be/QE2uR6Z-NcU,✔
,,Multiplication rule for independent events,Sample spaces for compound events,https://youtu.be/PR-A3UAO7_0?si=nd7rthnkKPqTK5aL,✔
,,,Compound probability of independent events,https://youtu.be/xSc4oLA9e8o,✔
,,,Probability of a compound event,https://youtu.be/6zWPgvEMVlE?si=Bpgpt0_0DN1QcSsG,✔
,,,"""At least one"" probability with coin flipping",https://youtu.be/mkyZ45KQYi4?si=yqvTyVjdsktY6Zxs,✔
,,,Free-throw probability,https://youtu.be/iMqCSgqzmiQ?si=m-cN3sIgDuMEFFlB,✔
,,,Three-pointer vs free-throw probability,https://youtu.be/PddbEVNMgTY?si=ZtWR_um8qB5ugp3t,✔
,,,Probability without equally likely events,https://youtu.be/RI874OSJp1U,✔
,,,Independent events example: test taking,https://youtu.be/VWAfEbgf1Po?si=XSnMrAghR_2w8_D5,✔
,,,Die rolling probability with independent events,https://youtu.be/2MYA8Ba2PvM,✔
,,Multiplication rule for dependent events,Dependent probability introduction,https://youtu.be/VjLEoo3hIoM,✔
,,,Dependent probability: coins,https://youtu.be/xPUm5SUVzTE?si=WRMhfuuGb52W_e1T,✔
,,,Dependent probability example,https://youtu.be/xPUm5SUVzTE,✔
,,,Independent & dependent probability,https://youtu.be/Za7G_eWKiF4?si=ITZcxBe_REAtLhXh,✔
,,,Dependent probability,https://youtu.be/8iKsY8C5VW8?si=n2OQCtT4JwQQ39lO,"⚠️ ชื่อคล้าย ""Dependent probability introduction"" — เช็คซ้ำว่าเป็นคนละคลิปจริง"
,,Conditional probability and independence,Calculating conditional probability,https://youtu.be/6xPkG2pA-TU,✔
,,,Conditional probability and independence,https://youtu.be/pIfpHdGVwLU,⚠️ ชื่อซ้ำกัน 2 คลิปติดกันในภาพหน้าจอ — เช็คซ้ำว่าเป็นคนละคลิปจริง
,,,Conditional probability and independence,https://youtu.be/pIfpHdGVwLU,⚠️ ชื่อซ้ำกัน 2 คลิปติดกันในภาพหน้าจอ — เช็คซ้ำว่าเป็นคนละคลิปจริง
,,,Analyzing event probability for independence,https://youtu.be/R-NeYKSEqns,✔
Dot / Histograms / Box plots,Unit 2: Displaying and comparing quantitative data + Unit 3 (บางส่วน),Displaying quantitative data with graphs,Representing data,https://youtu.be/0ZKtsUkrgFQ?si=mqM6m7kgZFZCjXlR,✔
,,,Frequency tables & dot plots,https://youtu.be/gdE46YSedvE?si=70nDyIt-ZqVB2KGu,✔
,,,Creating a histogram,https://youtu.be/gSEYtAjuZ-Y?si=nnQUYOmukcwHwN4v,✔
,,,Histograms,https://youtu.be/4eLJGG2Ad30,✔
,,,Interpreting a histogram,https://youtu.be/c02vjunQsJM?si=PvDvsJgTdN57IgoQ,✔
,,,Stem-and-leaf plots,https://youtu.be/OaJXJduRiIE,✔
,,,Reading stem and leaf plots,https://youtu.be/PXKHyT__B2k,✔
,,Describing and comparing distributions,Shapes of distributions,https://youtu.be/2oJldeE4JcU?si=Q6HfZWOVOsTQAh2x,✔
,,,"Clusters, gaps, peaks & outliers",https://youtu.be/4PXkzcK-b4Y?si=-ViyXHwQ8wyKHmEw,✔
,,,Comparing distributions with dot plots (example problem),https://youtu.be/KXDOOmquZag,✔
,,,"Comparing dot plots, histograms, and box plots",https://youtu.be/s_w3EJ2Jzw0,✔
,,,Example: Comparing distributions,https://youtu.be/lT3LRjtSbJc,✔
,,More on data displays,Reading line graphs,https://youtu.be/36v2EXZRzUE,✔
,,,Misleading line graphs,https://youtu.be/gs-OPF3KEGU,✔
,,Box and whisker plots,Worked example: Creating a box plot (odd number of data points),https://youtu.be/m6xURMj2ztk?si=i8GYupqNCMZ_EW0F,"✔ (ย้ายมาจาก Unit 3: Summarizing quantitative data — เดิมอยู่ subtopic ""Mean, median, mode, range"")"
,,,Worked example: Creating a box plot (even number of data points),https://youtu.be/oajrmwCALmc?si=_NPalb_Dwn5At8Dz,"✔ (ย้ายมาจาก Unit 3: Summarizing quantitative data — เดิมอยู่ subtopic ""Mean, median, mode, range"")"
,,,Constructing a box plot,https://youtu.be/09Cx7xuIXig?si=wxdj2ibI5dmd1pJ3,"✔ (ย้ายมาจาก Unit 3: Summarizing quantitative data — เดิมอยู่ subtopic ""Mean, median, mode, range"")"
,,,Reading box plots,https://youtu.be/b2C9I8HuCe4?si=FdcKixWyVcBxVqGa,"✔ (ย้ายมาจาก Unit 3: Summarizing quantitative data — เดิมอยู่ subtopic ""Mean, median, mode, range"")"
,,,Interpreting box plots,https://youtu.be/oBREri10ZHk,"✔ (ย้ายมาจาก Unit 3: Summarizing quantitative data — เดิมอยู่ subtopic ""Mean, median, mode, range"")"
,,,Judging outliers in a dataset,https://youtu.be/FRlTh5HQORA,"✔ (ย้ายมาจาก Unit 3: Summarizing quantitative data — เดิมอยู่ subtopic ""Mean, median, mode, range"")"
Area & perimeter,Unit 1: Intro to area and perimeter,Count unit squares to find area,Intro to area and unit squares,https://youtu.be/A7zPgMV4eTM?si=vKNpytC5xTBiUNmX,✔
,,,Measuring rectangles with different unit squares,https://youtu.be/iNZZIb_-PA8?si=Pn7V6Ij3DPV8xlbl,✔
,,,Creating rectangles with a given area 1,https://youtu.be/JX_ZgrFf2j8,✔
,,,Creating rectangles with a given area 2,https://youtu.be/cYyfwJSvT-k,✔
,,Area formula intuition,Counting unit squares to find area formula,https://youtu.be/DRg2VCo8lP0?si=FIS34CjkClZcxOuY,"⚠️ ชื่อคลิปซ้ำกับคลิปใน lesson ""Multiply to find area"" ด้านล่าง — เช็คซ้ำว่าคนละคลิปจริง"
,,,Transitioning from unit squares to area formula,https://youtu.be/mu3HHCdYYtY?si=qO-ukg15YwwrxmzS,✔
,,Multiply to find area,Counting unit squares to find area formula,https://youtu.be/DRg2VCo8lP0?si=3lVKGurPS33ix-9f,"⚠️ ชื่อซ้ำกับ lesson ""Area formula intuition"" ด้านบน — เช็คซ้ำ"
,,,Finding missing side when given area,https://youtu.be/_JdgDBzQ0Us,✔
,,Area and the distributive property,Area and the distributive property,https://youtu.be/Q3wfb0CPhIY?si=xNWpPgt8AFiloxA7,✔
,,Decompose figures to find area,Decomposing shapes to find area: grids,https://youtu.be/oL9iF9Se6lc,✔
,,,Decomposing shapes to find area: add,https://youtu.be/JTg8gyQ37pM,✔
,,,Decomposing shapes to find area: subtract,https://youtu.be/qS4stB9LfJA,✔
,,Perimeter intro,Perimeter: introduction,https://youtu.be/9uwLgf84p5w?si=ADZiF4uJIIoD8hzx,✔
,,,Perimeter of a shape,https://youtu.be/sJmLjUj_h68,✔
,,,Finding perimeter when a side length is missing,https://youtu.be/tmt5fXhU7Rs,✔
,,,Finding missing side length when given perimeter,https://youtu.be/_sQ3dqhLsIw,✔
,,Perimeter word problems,Perimeter word problem: tables,https://youtu.be/Wz8grvnFDHM,✔
,,,Perimeter word problem: skating rink,https://youtu.be/dNBNepJ_Ut8,✔
,,Comparing area and perimeter,Comparing areas and perimeters of rectangles,https://youtu.be/nLY2bzRfQyo,✔
,,Area versus perimeter,Area & perimeter word problem: dog pen,https://youtu.be/AIb5x7fmtvE?si=7NkmbFZoX5GmiL4v,✔
,,,Area & perimeter word problem: table,https://youtu.be/-J-6VGxld54?si=nSgAsDF8E-q3n1YS,✔
,,,Comparing areas word problem,https://youtu.be/D2Ks5SKU6GM?si=4A6AKVk_uxhL9-wJ,✔
Surface area & volume,"Unit 2: Intro to mass and volume + Unit 6: Volume + Unit 10 (เฉพาะ lesson 'Volume of cylinders, spheres, and cones')",Mass,Understanding mass (grams and kilograms),https://youtu.be/zqduFg0s5Q4?si=jaRouKi9gwBlv5Tc,✔
,,,Word problems with mass,มีเเค่ให้โหลด,✔
,,Volume,Understanding volume (liters),https://youtu.be/mLRYCaYVWFc?si=DJjoNtpin2jxddmO,✔
,,,Word problems with volume,https://youtu.be/lf4BBZK1Vzs?si=V_85j4gpnZFzzL09,✔
,,Volume with unit cubes,Volume intro,https://youtu.be/xMz9WFvox9g?si=9-pKSatPjtPmLqXs,✔
,,,Measuring volume with unit cubes,https://youtu.be/7WloKabLhII?si=YCjNsKIJ4Ji7foLE,✔
,,Volume of rectangular prisms,Measuring volume as area times length,https://youtu.be/daCT_24RnIY?si=MNqRm1AdlCgWm6Cq,✔
,,,Volume of a rectangular prism,https://youtu.be/I9efKVtLCf4?si=RmXMS2yuKF-6_uoe,✔
,,Decompose figures to find volumes,Volume in unit cubes by decomposing shape,https://youtu.be/gm87omItizk,✔
,,,Volume through decomposition,https://youtu.be/feNWZEln6Nc,✔
,,Volume word problems,Volume word problem: water tank,https://youtu.be/OanPzjf2EYY?si=b4JEx1PqLVKxtdx4,✔
,,"Volume of cylinders, spheres, and cones",Cylinder volume & surface area,https://youtu.be/gL3HxBQyeg0?si=SCFwEJLu8CgZJhRn,"✔ (ย้ายมาจาก Unit 10: Circles, cylinders, cones, and spheres — เดิมอยู่ subtopic 'Circles: area & circumference')"
,,,Volume of a sphere,https://youtu.be/IelS2vg7JO8,"✔ (ย้ายมาจาก Unit 10: Circles, cylinders, cones, and spheres — เดิมอยู่ subtopic 'Circles: area & circumference')"
,,,Volume of a cone,https://youtu.be/hC6zx9WAiC4,"✔ (ย้ายมาจาก Unit 10: Circles, cylinders, cones, and spheres — เดิมอยู่ subtopic 'Circles: area & circumference')"
Pythagorean theorem,Unit 13: Triangle side lengths,Constructing triangles,Construct a right isosceles triangle,https://youtu.be/lohMwoq3WFA,✔
,,,Construct a triangle with constraints,https://youtu.be/E78ji1uBtSA,✔
,,,Triangle inequality theorem,https://youtu.be/KlKYvbigBqs,✔
,,Pythagorean theorem,Intro to the Pythagorean theorem,https://youtu.be/AA6RfgP-AHU?si=sFNP7mEP4uNmyvXd,✔
,,,Pythagorean theorem example,https://youtu.be/O64YFlX1_aI?si=r4GYrV3uGkMGfwel,✔
,,,Pythagorean theorem with isosceles triangle,https://youtu.be/TjOlZr_2uW4?si=Zy0vJAOMykPgbVdj,✔
,,Pythagorean theorem application,Use Pythagorean theorem to find area of an isosceles triangle,https://youtu.be/yZ4CbopnVBg?si=zucxRDkZ6UTjE5wD,✔
,,,Pythagorean theorem word problem: carpet,https://youtu.be/T0IOrRETWhI?si=fS6BeB91s_xomQkZ,✔
,,,Pythagorean theorem word problem: fishing boat,https://youtu.be/JVrkLIcA2qw?si=fSLWzUztIkUnFRe4,✔
,,,Pythagorean theorem in 3D,https://youtu.be/1UQ5IbihJNI,✔
,,Pythagorean theorem and distance between points,Distance formula,https://youtu.be/nyZuite17Pc,✔
Circles: area & circumference,"Unit 10: Circles, cylinders, cones, and spheres (ไม่รวม lesson 'Volume of cylinders, spheres, and cones' — ย้ายไปอยู่ subtopic 'Surface area & volume' แล้ว)",Area and circumference of circles,"Radius, diameter, circumference & π",https://youtu.be/jyLRpr2P0MQ?si=QygWHkM0V27PdBQI,✔
,,,Labeling parts of a circle,https://youtu.be/04N79tItPEA,✔
,,,"Radius, diameter, & circumference",https://youtu.be/yWGeFDXgQvg?si=_SkjWfYoemDhuR3Q,✔
,,,Relating circumference and area,https://youtu.be/-jqWW22FMdI,✔
,,,Area of a circle,https://youtu.be/ZyOhRgnFmIY,✔
,,Area and circumference of fractions of circles,Partial circle area and arc length,https://youtu.be/YjWCDdNlXxc,✔
Variables & expressions,Unit 2: Algebraic expressions,Introduction to variables,What is a variable?,https://youtu.be/tHYis-DP0oU,✔
,,,Why aren't we using the multiplication sign?,https://youtu.be/vDaIKB19TvY,✔
,,,Evaluating an expression with one variable,https://youtu.be/AJNDeVt9UOo?si=yV_vJYUoCQT4saxA,✔
,,Substitution & evaluating expressions,Evaluating expressions with two variables,https://youtu.be/IQlblcRgucY,✔
,,Writing algebraic expressions,Writing basic expressions with variables,https://youtu.be/640-86yn2wM?si=9s_NU2cHf0p6vVDJ,✔
,,,Writing expressions with variables,https://youtu.be/Q1vMNyIP4Us?si=rJb7CKWIHGc5er3Q,✔
,,,Writing expressions with variables & parentheses,https://youtu.be/xLYVo_k0_us?si=2lpYcQ2wBlNRmoxI,✔
,,Combining like terms,Intro to combining like terms,https://youtu.be/CLWpkv6ccpA?si=yk2jDIvN37g1J7HE,✔
,,,Combining like terms with negative coefficients & distribution,https://youtu.be/3NHSwiv_pSE?si=xn_03S6jh8MTecbX,✔
,,,Combining like terms with negative coefficients,https://youtu.be/FNnmseBlvaY?si=VhGAFKZ5GOT61_wu,✔
,,,Combining like terms with rational coefficients,https://youtu.be/rtNuo7R3scY?si=X5Ql6ARmtoVewJ8_,✔
,,Distributive property,Distributive property with variables,https://youtu.be/wTuMU2B6MF4,✔
,,Equivalent algebraic expressions,Equivalent expressions,https://youtu.be/rHNY01R2VSQ?si=qSylJLTBDLAn_45W,✔
,,Nested fractions,Nested fractions,https://youtu.be/_BFaxpf35sY?si=AMsZ7TeI-CnhUeuw,✔
Solving equations & inequalities,Unit 3: Linear equations and inequalities,One-step equations,One-step addition & subtraction equations,https://youtu.be/jWpiMu5LNdg?si=VIucNB470IMcRt9I,✔
,,,One-step addition equation,https://youtu.be/VidnbCEOGdg?si=QA6pOZisXVQwjcxz,✔
,,,One-step division equations,https://youtu.be/9Ek61w1LxSc?si=vYmHhFLz4oZFQbJ2,✔
,,,One-step multiplication equations,https://youtu.be/DqeMQHomwAU?si=4wd_jBSKy9wIAcE4,✔
,,Two-steps equations,Intro to two-step equations,https://youtu.be/_y_Q3_B2Vh8?si=_l5wjcAzz1XxquAG,✔
,,,Two-step equations intuition,https://youtu.be/XoEn1LfVoTo?si=gO1_deb9Bf0wigMX,✔
,,,Worked example: two-step equations,https://youtu.be/p5e5mf_G3FI?si=mBDhvdHNBjBKeoHX,✔
,,,Two-step equation word problem: computers,https://youtu.be/roHvNNFXr4k?si=AFN_YeUN6eysn1U9,✔
,,,Two-step equation word problem: garden,https://youtu.be/iimpwYBiKNg?si=c1dzk5VHP7r_JMJu,✔
,,,Two-step equation word problem: oranges,https://youtu.be/xKH1Evwu150?si=vkx7JwX7TpukCx0j,✔
,,Multi-step equations,Why we do the same thing to both sides: Variable on both sides,https://youtu.be/vkhYFml0w6c?si=iSOi-qjnDMIwPjbi,✔
,,,Intro to equations with variables on both sides,https://youtu.be/f15zA0PhSek?si=MnAijybZA2v5JU59,✔
,,,Equations with variables on both sides: 20-7x=6x-6,https://youtu.be/1c5HY3z4k8M?si=hwvLfKJSJoLGV6vB,✔
,,,Equations with parentheses,https://youtu.be/YZBStgZGyDY?si=v2w2PP14VJyoyc1K,✔
,,One-step inequalities,One-step inequalities examples,https://youtu.be/PNXozoJWsWc?si=GbDTp1C8bcXCPUbh,✔
,,,One-step inequalities: -5c ≤ 15,https://youtu.be/D1cKk48kz-E?si=-QGSA6qQR3YgsX-q,✔
,,,One-step inequality word problem,https://youtu.be/FZ2APP6-grU?si=OGjVclorqSX7Y6G7,✔
,,Two-step inequalities,Two-step inequalities,https://youtu.be/y7QLay8wrW8?si=hE1eKvvF3WJikwKq,✔
,,,Two-step inequality word problem: apples,https://youtu.be/wo7DSaPP8hQ?si=TuuvaaTwPGHYFdOY,✔
,,,Two-step inequality word problem: R&B,https://youtu.be/pbLiN8D9gAk?si=VlbbRQGhh8qxQQCj,✔
,,Multi-step inequalities,Inequalities with variables on both sides,https://youtu.be/SgKBBUFaGb4?si=5FGk_3-qS1VJQequ,✔
,,,Inequalities with variables on both sides (with parentheses),https://youtu.be/XOAn5z8mkvI?si=RoUfZVCscNXR5jxf,✔
,,,Multi-step inequalities,https://youtu.be/xOxvyeSl0uA,✔
,,Writing & solving proportions,Worked example: Solving proportions,https://youtu.be/GO5ajwbFqVQ?si=0QxZG-cCkLV2idUi,✔ (เนื้อหา proportion แต่สอนในบริบท solving equation ของ Unit 3 — คนละมุมกับ subtopic 'Proportions' เดิมที่ใช้ Pre-algebra U9)
,,,Solving tricky proportions,https://youtu.be/qzsR7cChujg?si=6Pz43QGJY5ys14La,✔ (เนื้อหา proportion แต่สอนในบริบท solving equation ของ Unit 3 — คนละมุมกับ subtopic 'Proportions' เดิมที่ใช้ Pre-algebra U9)
,,,Writing proportions example,https://youtu.be/96ZEmUbnuU8?si=M82DreCLa-sDW694,✔ (เนื้อหา proportion แต่สอนในบริบท solving equation ของ Unit 3 — คนละมุมกับ subtopic 'Proportions' เดิมที่ใช้ Pre-algebra U9)
,,,Proportion word problem: cookies,https://youtu.be/4ywTWCaLmXE?si=E7Grw3SRQCDgixLE,✔ (เนื้อหา proportion แต่สอนในบริบท solving equation ของ Unit 3 — คนละมุมกับ subtopic 'Proportions' เดิมที่ใช้ Pre-algebra U9)
,,,Proportion word problem: hot dogs,https://youtu.be/s8_14yxp1lQ?si=9T-nwJbSTGpVzOzC,✔ (เนื้อหา proportion แต่สอนในบริบท solving equation ของ Unit 3 — คนละมุมกับ subtopic 'Proportions' เดิมที่ใช้ Pre-algebra U9)
Systems of equations,Unit 5: Systems of equations,Systems of equations intro,"Systems of equations: trolls, tolls (1 of 2)",https://youtu.be/OcNt-36QKu8?si=Z_UVlKP7OrbUsCUN,✔
,,,"Systems of equations: trolls, tolls (2 of 2)",https://youtu.be/H-HfmyUzPw8?si=yJJfdyumi0585AIY,✔
,,,Testing a solution to a system of equations,https://youtu.be/SkMNREAMNvc?si=O5IkvlD01dJnpHWT,✔
,,,Systems of equations with graphing: y=-7/5x-5 & y=-3/5x-1,https://youtu.be/VhH2nEDCd68?si=QmF7nhSyGylHfwG5,✔
,,,Systems of equations with graphing: exact & approximate solutions,https://youtu.be/o4pbAQgJYjI,✔
,,Elimination method for systems of equations,Systems of equations with elimination: King's cupcakes,https://youtu.be/xCIHAjsZCE0?si=4SiYKy1VITitFRxt,✔
,,,Systems of equations with elimination: x-4y=-18 & -x+3y=11,https://youtu.be/NPXTkj75-AM?si=6dCycCuBo8En7MDZ,✔
,,,Systems of equations with elimination: potato chips,https://youtu.be/VuJEidLhY1E?si=_3X5SO2mbQBNVv08,✔
,,,Systems of equations with elimination (and manipulation),https://youtu.be/wYrxKGt_bLg,✔
,,,Why can we subtract one equation from the other in a system of equations?,https://youtu.be/h9ZgZimXn2Q?si=hBehnqJJbVNnjuJ4,✔
,,Substitution method for systems of equations,Systems of equations with substitution: potato chips,https://youtu.be/2EwPpga_XPw?si=N8cFX0iz9wvCEORv,✔
,,,Systems of equations with substitution: -3x-4y=-2 & y-2x=5,https://youtu.be/GWZKz4F9hWM?si=__8gpbFJbRo3y7UL,✔
,,Number of solutions to systems of equations,Systems of equations number of solutions: fruit prices (1 of 2),https://youtu.be/NJRyxmommqQ?si=cr-7vT_b1YPEo2Z4,✔
,,,Systems of equations number of solutions: fruit prices (2 of 2),https://youtu.be/MpRUEGD2-_c?si=Hnc_eXcKZcEtjeGs,✔
,,,Solutions to systems of equations: consistent vs. inconsistent,https://youtu.be/Ix8Nne-a-KQ?si=VyAuCAWfM13Iqisr,✔
,,,Solutions to systems of equations: dependent vs. independent,https://youtu.be/WSpF5uvApLA?si=9VcyEijo-UPVZmJ6,✔
,,,Number of solutions to a system of equations,https://youtu.be/BNHLzEv6Mjg?si=jxI78axK5r-M-lmi,✔
,,,Number of solutions to a system of equations graphically,https://youtu.be/SuB1gkto9LU?si=iN3E4Bm41lq7KvJ_,✔
,,,Number of solutions to a system of equations algebraically,https://youtu.be/ogEddosP1G8,✔
,,,How many solutions does a system of linear equations have if there are at least two?,https://youtu.be/bzseeIVEslA?si=lkQuOAp5oQsbOnSk,✔
"Slope, intercepts, linear functions",Unit 4: Graphing lines and slope,Coordinate plane,Quadrants of the coordinate plane,https://youtu.be/1op92ojA6q0?si=FnyfeGxnkQpi_ONt,✔
,,,Points and quadrants example,https://youtu.be/Jeh5vudjmLI?si=Ckk7azAHFZ0HzoHM,✔
,,Solutions to two-variable linear equations,Two-variable linear equations intro,https://youtu.be/AOxMJRtoR2A?si=-krgTos1gdIgShoo,✔
,,,Solutions to 2-variable equations,https://youtu.be/qk69pR91R00?si=j6etclbk2yJvfufl,✔
,,,Worked example: solutions to 2-variable equations,https://youtu.be/d3VMo1VWFvc?si=9Tlj4VUcfwQmfmzF,✔
,,,Completing solutions to 2-variable equations,https://youtu.be/EHR-YDwrrhM?si=FB7EDoUn5h-gLjRX,✔
,,x-intercepts and y-intercepts,Intro to intercepts,https://youtu.be/LNSB0N6esPU?si=j9VPqVhUDEfp2m0N,✔
,,,x-intercept of a line,https://youtu.be/xiIQQNufFuU?si=Ojer-wuaczFKbGqz,✔
,,,Intercepts from an equation,https://youtu.be/xGmef7lFc5w?si=BLxI6yinYMfl3YA2,✔
,,Slope,Intro to slope,https://youtu.be/MeU-KzdCBps?si=mK3Wcs-QnuAgoYb1,✔
,,,Positive & negative slope,https://youtu.be/EQoNfxToez0?si=CryzdzCuJ63n4hZe,✔
,,,Worked example: slope from graph,มีเเค่ให้โหลด,✔
,,,Worked example: slope from two points,https://youtu.be/WkspBxrzuZo?si=XLD9bHJkeoesfl_1,✔
,,,Slope (more examples),https://youtu.be/Iqws-qzyZwc?si=gLDNsDox0qwdtk6H,✔
,,Horizontal & vertical lines,Slope of a horizontal line,https://youtu.be/CFSHq099Mx0?si=cD_MuvOreOptpre7,✔
,,Slope-intercept form intro,Intro to slope-intercept form,https://youtu.be/IL3UCuXrUzE?si=c68lK7tpdrRXf2Hm,✔
,,Writing slope-intercept equations,Slope-intercept equation from graph,https://youtu.be/9wOalujeZf4?si=8Faj7ylwRhO6VufK,✔
,,,Slope-intercept equation from slope & point,https://youtu.be/AqFwKecNaTk?si=celHSoTVQeJcqJqp,✔
,,,Slope-intercept equation from two points,https://youtu.be/XMJ72mtMn4Y?si=ChTc26OFE2df4OIg,
,,,Slope-intercept form problems,https://youtu.be/5fkh01mClLU?si=LgO_W93wNKlrz9GH,✔
,,Graphing two-variable inequalities,Intro to graphing two-variable inequalities,https://youtu.be/unSBFwK881s?si=JZ0aLxGQDYrly9vA,✔
,,,Graphing two-variable inequalities,https://youtu.be/FnrqBgot3jM?si=vy7qcey2CFxzmfsn,✔
Quadratic functions,Unit 6: Expressions with exponents (ไม่รวม lesson Scientific notation — ซ้ำกับ subtopic 'Scientific notation') + Unit 7: Quadratics and polynomials,Exponent properties intro,Exponent properties with products,https://youtu.be/zM_p7tfWvLU?si=6YH12tOxzr2G3puv,✔
,,,Exponent properties with parentheses,https://youtu.be/SwqOrUWzDY8?si=6sNsNLCNYJic0ej4,✔
,,,Exponent properties with quotients,https://youtu.be/AR1uqNbjM5s?si=Vn3SdOc0H0VYfuIs,✔
,,Negative exponents,Negative exponents,https://youtu.be/JnpqlXN9Whw,✔
,,,Negative exponent intuition,https://youtu.be/Tqpcku0hrPU,✔
,,Exponent properties (integer exponents),Multiplying & dividing powers (integer exponents),https://youtu.be/CZ5ne_mX5_I,✔
,,,Powers of products & quotients (integer exponents),https://youtu.be/dC1ojsMi1yU,✔
,,,Powers of zero,https://youtu.be/S2PjhiAQMK8,✔
,,Adding & subtracting polynomials,Adding polynomials,https://youtu.be/ahdKdxsTj8E?si=fo4ImDTGRwyp_trU,✔
,,,Subtracting polynomials,https://youtu.be/5ZdxnFspyP8?si=BZyndnkEzDXdSqqj,✔
,,Multiplying binomials,Multiplying monomials by polynomials,https://youtu.be/pD2-H15ucNE?si=yjM8jyKOuSIAirL4,✔
,,,Multiplying binomials: area model,https://youtu.be/oOTFGdjhqqM,✔
,,,Multiplying binomials intro,https://youtu.be/Xy8NKUoyy98,✔
,,,Multiplying binomials,https://youtu.be/ZMLFfTX615w?si=JteEJjpJMZdf455s,✔
,,Special products of binomials,Special products of the form (x+a)(x-a),https://youtu.be/JfuisfEdnjk,✔
,,,Squaring binomials of the form (x+a)²,https://youtu.be/xH_GllPuymc?si=PZ4KSocpWEQ4UwWg,✔
,,Factoring polynomials by taking common factors,Factoring with the distributive property,https://youtu.be/mbb3msmX2xs?si=rSc396bZZeINfsXO,✔
,,,Taking common factor from binomial,https://youtu.be/iTn3TTF0IXk?si=h1MCMHuuJK3RP7hz,✔
,,,Taking common factor from trinomial,https://youtu.be/MZl6Mna0leQ?si=ZEA4b0N6LfZyv12m,✔
,,,Taking common factor: area model,https://youtu.be/tYknkDjp-bQ?si=gWLAjiUA0QTkZd68,✔
,,,Factoring polynomials: common binomial factor,https://youtu.be/tDlzWNtRzS8,✔
,,Factoring quadratics 1,Factoring quadratics as (x+a)(x+b),https://youtu.be/D3a8NnpQ2vU,✔
,,,Factoring quadratics as (x+a)(x+b) (example 2),https://youtu.be/1kfq0aR3ASs,✔
,,Factoring quadratics 2,Intro to grouping,https://youtu.be/X7B_tH4O-_s?si=efYbikvNZT_dnTyC,✔
,,,Factoring quadratics by grouping,https://youtu.be/u1SAo2GiX8A?si=AW8lWvgme0Xk_NFR,✔
,,Factoring quadratics: Difference of squares,Factoring difference of squares: leading coefficient ≠ 1,มีเเค่ให้โหลด,✔
,,,Factoring difference of squares: analyzing factorization,https://youtu.be/TK-U1p9O6Nc,✔
,,,Factoring difference of squares: missing values,https://youtu.be/IRmv-Z--3LA?si=3SYzDvSsZ4YEw8Aq,
,,,Factoring difference of squares: shared factors,https://youtu.be/xYQR2LNZLeU?si=Sy_IbxfpG5bMrOa_,